,mean_fit_time,std_fit_time,mean_score_time,std_score_time,param_criterion,param_max_depth,param_min_samples_split,param_n_estimators,params,split0_test_Precision,split1_test_Precision,split2_test_Precision,split3_test_Precision,split4_test_Precision,mean_test_Precision,std_test_Precision,rank_test_Precision,split0_test_Recall,split1_test_Recall,split2_test_Recall,split3_test_Recall,split4_test_Recall,mean_test_Recall,std_test_Recall,rank_test_Recall,split0_test_F1,split1_test_F1,split2_test_F1,split3_test_F1,split4_test_F1,mean_test_F1,std_test_F1,rank_test_F1
0,0.10433998107910156,0.010662977405535588,0.028183889389038087,0.0055251043729858205,gini,5,2,50,"{'criterion': 'gini', 'max_depth': 5, 'min_samples_split': 2, 'n_estimators': 50}",0.7,0.6955602536997886,0.6993736951983298,0.6993736951983298,0.6985446985446986,0.6985704792034504,0.001574871261774812,100,0.9940828402366864,0.9733727810650887,0.9911242603550295,0.9911242603550295,0.9970326409495549,0.989344172961641,0.008282631656698836,17,0.8215158924205379,0.81134401972873,0.8200734394124847,0.8200734394124847,0.821515892420538,0.8189034549242982,0.003835329767325752,23
1,0.18589372634887696,0.03758705954043897,0.043774986267089845,0.016145754537493073,gini,5,2,100,"{'criterion': 'gini', 'max_depth': 5, 'min_samples_split': 2, 'n_estimators': 100}",0.700836820083682,0.6976744186046512,0.7,0.6985446985446986,0.6985446985446986,0.6991203655269673,0.0011380259893975409,88,0.9911242603550295,0.9763313609467456,0.9940828402366864,0.9940828402366864,0.9970326409495549,0.9905280951512351,0.007341773864709573,11,0.8210784313725489,0.813810110974106,0.8215158924205379,0.8205128205128205,0.821515892420538,0.8196858717675831,0.0029616484948682097,15
2,0.3789830207824707,0.09521500398558574,0.06756153106689453,0.0037714664891578577,gini,5,2,200,"{'criterion': 'gini', 'max_depth': 5, 'min_samples_split': 2, 'n_estimators': 200}",0.702928870292887,0.6985138004246284,0.6993736951983298,0.6979166666666666,0.6993736951983298,0.6996214481453804,0.0017436246759424112,80,0.9940828402366864,0.9733727810650887,0.9911242603550295,0.9911242603550295,0.9940652818991098,0.9887516845348331,0.0078037435833563425,21,0.8235294117647058,0.8133498145859085,0.8200734394124847,0.8190709046454767,0.8210784313725491,0.819419713516533,0.0033779162304910086,19
3,0.07575674057006836,0.0015988589497474015,0.01758999824523926,0.001018879028092049,gini,5,3,50,"{'criterion': 'gini', 'max_depth': 5, 'min_samples_split': 3, 'n_estimators': 50}",0.6970338983050848,0.6976744186046512,0.6985446985446986,0.698744769874477,0.6979166666666666,0.6979829178323105,0.0006159531756208352,107,0.9733727810650887,0.9763313609467456,0.9940828402366864,0.9881656804733728,0.9940652818991098,0.9851999179660502,0.008772979312984139,24,0.8123456790123457,0.813810110974106,0.8205128205128205,0.8186274509803922,0.8200734394124848,0.817072657618681,0.003354101385667373,25
4,0.15211892127990723,0.004953091093188451,0.03617949485778808,0.0017194812679856457,gini,5,3,100,"{'criterion': 'gini', 'max_depth': 5, 'min_samples_split': 3, 'n_estimators': 100}",0.700836820083682,0.6989473684210527,0.6993736951983298,0.7,0.6993736951983298,0.6997064535684238,0.000657606352734182,79,0.9911242603550295,0.9822485207100592,0.9911242603550295,0.9940828402366864,0.9940652818991098,0.9905275678192244,0.004345647815773073,14,0.8210784313725489,0.8167281672816729,0.8200734394124847,0.8215158924205379,0.8210784313725491,0.820094464932439,0.0017489177319723202,9
5,0.3010544776916504,0.011209279686301832,0.06466007232666016,0.0010878916087002466,gini,5,3,200,"{'criterion': 'gini', 'max_depth': 5, 'min_samples_split': 3, 'n_estimators': 200}",0.7014613778705637,0.6991525423728814,0.7010526315789474,0.6993736951983298,0.7,0.7002081355886532,0.000909868367040611,61,0.9940828402366864,0.9763313609467456,0.985207100591716,0.9911242603550295,0.9970326409495549,0.9887522118668438,0.007340608623119373,18,0.8225214198286415,0.8148148148148149,0.8191881918819188,0.8200734394124847,0.8225214198286412,0.8198227396874032,0.002832387436622784,13
6,0.07405352592468262,0.0017443738622997024,0.017989397048950195,0.0008942558221942585,gini,5,5,50,"{'criterion': 'gini', 'max_depth': 5, 'min_samples_split': 5, 'n_estimators': 50}",0.700836820083682,0.701271186440678,0.7,0.6993736951983298,0.6985446985446986,0.7000058850996702,0.0009822201671685943,68,0.9911242603550295,0.9792899408284024,0.9940828402366864,0.9911242603550295,0.9970326409495549,0.9905280951512351,0.0060322468138024376,11,0.8210784313725489,0.8172839506172839,0.8215158924205379,0.8200734394124847,0.821515892420538,0.8202930148811676,0.001594527330093118,6
7,0.14636564254760742,0.002366883649000353,0.0379786491394043,0.008020445870887445,gini,5,5,100,"{'criterion': 'gini', 'max_depth': 5, 'min_samples_split': 5, 'n_estimators': 100}",0.7027027027027027,0.6962025316455697,0.6985446985446986,0.6993736951983298,0.6979166666666666,0.6989484862060611,0.002147102561341879,92,1.0,0.9763313609467456,0.9940828402366864,0.9911242603550295,0.9940652818991098,0.9911195289140214,0.00793881472130709,9,0.8253968253968255,0.812807881773399,0.8205128205128205,0.8200734394124847,0.8200734394124848,0.8197727567953433,0.004022473330384998,14
8,0.29051709175109863,0.004622604713336297,0.0635678768157959,0.0018585379866211114,gini,5,5,200,"{'criterion': 'gini', 'max_depth': 5, 'min_samples_split': 5, 'n_estimators': 200}",0.7014613778705637,0.6985138004246284,0.7,0.700836820083682,0.6991701244813278,0.6999967668670241,0.0010709128831801066,69,0.9940828402366864,0.9733727810650887,0.9940828402366864,0.9911242603550295,1.0,0.9905286224832461,0.009051336815221134,10,0.8225214198286415,0.8133498145859085,0.8215158924205379,0.8210784313725489,0.8229548229548229,0.8202829698751088,0.0035321949909980725,7
9,0.07315850257873535,0.0009793745727898619,0.018189096450805665,0.00039963740719880955,gini,5,7,50,"{'criterion': 'gini', 'max_depth': 5, 'min_samples_split': 7, 'n_estimators': 50}",0.70020964360587,0.7,0.7023060796645703,0.70020964360587,0.6985446985446986,0.7002547211681038,0.00119984351411164,59,0.9881656804733728,0.9733727810650887,0.9911242603550295,0.9881656804733728,0.9970326409495549,0.9875682896772497,0.007802380086435833,23,0.8196319018404908,0.8143564356435643,0.8220858895705522,0.8196319018404908,0.821515892420538,0.8194435461487292,0.002728837576712876,18
10,0.14371790885925292,0.0046191389242629,0.033180761337280276,0.0015989184990613334,gini,5,7,100,"{'criterion': 'gini', 'max_depth': 5, 'min_samples_split': 7, 'n_estimators': 100}",0.702928870292887,0.6981132075471698,0.70020964360587,0.6993736951983298,0.7,0.7001251351446461,0.0015812267424677767,66,0.9940828402366864,0.985207100591716,0.9881656804733728,0.9911242603550295,0.9970326409495549,0.9911200562460324,0.004180716547987813,5,0.8235294117647058,0.8171779141104294,0.8196319018404908,0.8200734394124847,0.8225214198286412,0.82058601598189,0.0022450066069353678,1
11,0.2884349346160889,0.004838406336487372,0.06256465911865235,0.002574923428781215,gini,5,7,200,"{'criterion': 'gini', 'max_depth': 5, 'min_samples_split': 7, 'n_estimators': 200}",0.700836820083682,0.6970338983050848,0.7010526315789474,0.6991701244813278,0.6985446985446986,0.6993279589301706,0.0014936953873398804,83,0.9911242603550295,0.9733727810650887,0.985207100591716,0.9970414201183432,0.9970326409495549,0.9887522118668438,0.008854582630416781,18,0.8210784313725489,0.8123456790123457,0.8191881918819188,0.8219512195121951,0.821515892420538,0.8192149300604642,0.003562498685315113,21
12,0.08095364570617676,0.001672315402426723,0.019388675689697266,0.0007996559569575481,gini,7,2,50,"{'criterion': 'gini', 'max_depth': 7, 'min_samples_split': 2, 'n_estimators': 50}",0.6978260869565217,0.7052401746724891,0.702819956616052,0.7002141327623126,0.7036247334754797,0.7019443210736304,0.0026235465457010512,24,0.9497041420118343,0.9556213017751479,0.9585798816568047,0.9674556213017751,0.9792284866468842,0.9621107986089084,0.010292726811690188,48,0.8045112781954887,0.8115577889447236,0.8110137672090112,0.812422360248447,0.8188585607940445,0.81166977435518,0.004557806572387001,48
13,0.16010832786560059,0.0009785958235961371,0.03538036346435547,0.0010183840000661786,gini,7,2,100,"{'criterion': 'gini', 'max_depth': 7, 'min_samples_split': 2, 'n_estimators': 100}",0.6995708154506438,0.7068965517241379,0.7053763440860215,0.697228144989339,0.7025316455696202,0.7023206129798574,0.0035732954793853944,18,0.9644970414201184,0.9704142011834319,0.9704142011834319,0.9674556213017751,0.9881305637982196,0.9721757192164919,0.008265818749655242,35,0.8109452736318409,0.8179551122194514,0.8169364881693649,0.8104089219330854,0.8212083847102343,0.815488467637113,0.0041787405174267276,35
14,0.3208166599273682,0.004469476791868124,0.06656193733215332,0.0030048744634094317,gini,7,2,200,"{'criterion': 'gini', 'max_depth': 7, 'min_samples_split': 2, 'n_estimators': 200}",0.6976241900647948,0.7012987012987013,0.6995708154506438,0.7008547008547008,0.7040169133192389,0.7006716790074247,0.0021024899118722174,52,0.9556213017751479,0.9585798816568047,0.9644970414201184,0.9704142011834319,0.9881305637982196,0.967440030458115,0.011516752203257093,44,0.8064918851435705,0.8099999999999999,0.8109452736318409,0.8138957816377171,0.8222222222222222,0.8127070925147689,0.005308158275665076,46
15,0.08115344047546387,0.001598858935526405,0.01918902397155762,0.00039975686882938395,gini,7,3,50,"{'criterion': 'gini', 'max_depth': 7, 'min_samples_split': 3, 'n_estimators': 50}",0.7004310344827587,0.7004310344827587,0.7054945054945055,0.7049891540130152,0.70042194092827,0.702354334043042,0.0023638568655790816,17,0.9615384615384616,0.9615384615384616,0.9497041420118343,0.9615384615384616,0.9851632047477745,0.9638877365573215,0.01157339484874546,47,0.8104738154613467,0.8104738154613467,0.8095838587641867,0.8135168961201502,0.8187422934648582,0.8125555740658066,0.0033657800191861415,47
16,0.16016798019409179,0.002464302568783928,0.03517956733703613,0.00171928724349374,gini,7,3,100,"{'criterion': 'gini', 'max_depth': 7, 'min_samples_split': 3, 'n_estimators': 100}",0.6965811965811965,0.7034632034632035,0.7053763440860215,0.6993603411513859,0.7025316455696202,0.701462103295638,0.003121796498019501,34,0.9644970414201184,0.9615384615384616,0.9704142011834319,0.9704142011834319,0.9881305637982196,0.9709917970268976,0.009225183028584362,38,0.8089330024813896,0.8125,0.8169364881693649,0.8128872366790582,0.8212083847102343,0.8144902405677849,0.0042065271544539234,39
17,0.3190176010131836,0.0027840036695192887,0.0673614501953125,0.0011990945011943095,gini,7,3,200,"{'criterion': 'gini', 'max_depth': 7, 'min_samples_split': 3, 'n_estimators': 200}",0.7004310344827587,0.6995708154506438,0.7034632034632035,0.70276008492569,0.7048832271762208,0.7022205705503758,0.0019566216664100118,21,0.9615384615384616,0.9644970414201184,0.9615384615384616,0.9792899408284024,0.9851632047477745,0.9703993086000898,0.009885676440751917,41,0.8104738154613467,0.8109452736318409,0.8125,0.8182941903584672,0.8217821782178217,0.8147961987887901,0.004466884195017371,38
18,0.07955384254455566,0.0020578236528095675,0.01998867988586426,0.0012643293738177905,gini,7,5,50,"{'criterion': 'gini', 'max_depth': 7, 'min_samples_split': 5, 'n_estimators': 50}",0.7047413793103449,0.7017167381974249,0.7047413793103449,0.7,0.7014925373134329,0.7025388400779717,0.001893347478401814,13,0.9674556213017751,0.9674556213017751,0.9674556213017751,0.9733727810650887,0.9762611275964391,0.970397726604057,0.0037190275072106157,42,0.8154613466334165,0.8134328358208955,0.8154613466334165,0.8143564356435643,0.8163771712158808,0.8150172640808901,0.0010187436414429262,36
19,0.15850906372070311,0.001623445690798422,0.03577942848205566,0.0014687632811274513,gini,7,5,100,"{'criterion': 'gini', 'max_depth': 7, 'min_samples_split': 5, 'n_estimators': 100}",0.6997840172786177,0.7012987012987013,0.7014925373134329,0.7008547008547008,0.7019027484143763,0.7010661946328844,0.0007244302146634347,42,0.9585798816568047,0.9585798816568047,0.9733727810650887,0.9704142011834319,0.9851632047477745,0.9692153864104953,0.009989614206366838,43,0.8089887640449437,0.8099999999999999,0.8153655514250311,0.8138957816377171,0.8197530864197531,0.8135980880519205,0.0038792107352659663,42
20,0.3192176818847656,0.0023314389284326575,0.06696162223815919,0.0031598620336473274,gini,7,5,200,"{'criterion': 'gini', 'max_depth': 7, 'min_samples_split': 5, 'n_estimators': 200}",0.7006369426751592,0.7012987012987013,0.703862660944206,0.70276008492569,0.6995798319327731,0.7016284926620261,0.001520332169763054,30,0.9763313609467456,0.9585798816568047,0.9704142011834319,0.9792899408284024,0.9881305637982196,0.9745435635956805,0.009818747980787766,32,0.8158220024721878,0.8099999999999999,0.8159203980099502,0.8182941903584672,0.8191881918819188,0.8158435716085738,0.003204491025192194,33
21,0.08115367889404297,0.0011658033439485658,0.018988990783691408,0.0006318820083740271,gini,7,7,50,"{'criterion': 'gini', 'max_depth': 7, 'min_samples_split': 7, 'n_estimators': 50}",0.6980728051391863,0.7043478260869566,0.7019438444924406,0.703862660944206,0.6991525423728814,0.7014768982733457,0.0024957692141231807,33,0.9644970414201184,0.9585798816568047,0.9615384615384616,0.9704142011834319,0.9792284866468842,0.9668464873672853,0.0073193960230178694,46,0.8099378881987578,0.81203007518797,0.8114856429463172,0.8159203980099502,0.815822002472188,0.8130380485871007,0.0024121071793736125,43
22,0.15791001319885253,0.003031515477264253,0.0365786075592041,0.003259893158378837,gini,7,7,100,"{'criterion': 'gini', 'max_depth': 7, 'min_samples_split': 7, 'n_estimators': 100}",0.6987179487179487,0.7019438444924406,0.7068965517241379,0.70276008492569,0.7036247334754797,0.7027882863122064,0.0026409091314894086,9,0.9674556213017751,0.9615384615384616,0.9704142011834319,0.9792899408284024,0.9792284866468842,0.9715821761256622,0.006886532704642704,37,0.8114143920595532,0.8114856429463172,0.8179551122194514,0.8182941903584672,0.8188585607940445,0.8156002304704638,0.0034021364222772536,34
23,0.3144203186035156,0.004125309362516645,0.06636190414428711,0.0017427823830886526,gini,7,7,200,"{'criterion': 'gini', 'max_depth': 7, 'min_samples_split': 7, 'n_estimators': 200}",0.7008547008547008,0.7034632034632035,0.703862660944206,0.7033898305084746,0.7031578947368421,0.7029455701824152,0.001070089774954102,8,0.9704142011834319,0.9615384615384616,0.9704142011834319,0.9822485207100592,0.9910979228486647,0.9751360520224885,0.010339715628430945,30,0.8138957816377171,0.8125,0.8159203980099502,0.8197530864197531,0.8226600985221675,0.8169435057987775,0.0037580546126056843,26
24,0.09254679679870606,0.0016239270851088772,0.021787405014038086,0.0021341399837804904,gini,10,2,50,"{'criterion': 'gini', 'max_depth': 10, 'min_samples_split': 2, 'n_estimators': 50}",0.6930022573363431,0.7042889390519187,0.7031963470319634,0.7093023255813954,0.7072072072072072,0.7033978378631551,0.005626944715262641,4,0.908284023668639,0.9230769230769231,0.9112426035502958,0.9023668639053254,0.9317507418397626,0.9153374348077618,0.010618153865129812,71,0.7861715749039693,0.7989756722151088,0.7938144329896907,0.7942708333333334,0.8040973111395645,0.7954623893793725,0.00595447503590215,69
25,0.18769245147705077,0.0037610196382634386,0.04017658233642578,0.0013261948062321732,gini,10,2,100,"{'criterion': 'gini', 'max_depth': 10, 'min_samples_split': 2, 'n_estimators': 100}",0.6917808219178082,0.7006802721088435,0.6990950226244343,0.7072599531615925,0.70509977827051,0.7007813814606089,0.005375979362366151,50,0.8964497041420119,0.9142011834319527,0.9142011834319527,0.893491124260355,0.9436201780415431,0.9123797386618198,0.01784255935137484,72,0.7809278350515465,0.7933247753530167,0.7923076923076922,0.7895424836601307,0.8071065989847717,0.7926358850573829,0.00844210187650182,72
26,0.37358689308166504,0.009942180996374566,0.07615599632263184,0.001937957643244264,gini,10,2,200,"{'criterion': 'gini', 'max_depth': 10, 'min_samples_split': 2, 'n_estimators': 200}",0.6959459459459459,0.7015945330296127,0.6964285714285714,0.7081447963800905,0.7069351230425056,0.7018076707967134,0.005094883587426742,26,0.9142011834319527,0.9112426035502958,0.9230769230769231,0.9260355029585798,0.9376854599406528,0.922442022609349,0.00936715091118382,66,0.7902813299232736,0.7927927927927928,0.7938931297709925,0.8025641025641025,0.8061224489795918,0.7971270359974625,0.00610731276519972,65
27,0.09594492912292481,0.0036856627209501257,0.021988058090209962,0.0006319578931567323,gini,10,3,50,"{'criterion': 'gini', 'max_depth': 10, 'min_samples_split': 3, 'n_estimators': 50}",0.6938775510204082,0.6997742663656885,0.6947608200455581,0.7074829931972789,0.7104677060133631,0.7012688582817797,0.006668897163904273,38,0.9053254437869822,0.9171597633136095,0.9023668639053254,0.9230769230769231,0.9465875370919882,0.918891838036599,0.01577095713369883,70,0.785622593068036,0.793854033290653,0.7850707850707851,0.8010269576379975,0.8117048346055981,0.7954491095855374,0.01001834318494711,70
28,0.18289508819580078,0.0006321839822655492,0.040376710891723636,0.0010190663319000056,gini,10,3,100,"{'criterion': 'gini', 'max_depth': 10, 'min_samples_split': 3, 'n_estimators': 100}",0.6886363636363636,0.7015945330296127,0.7024608501118568,0.7113636363636363,0.7078651685393258,0.7023818398066631,0.0077506889749748955,16,0.8964497041420119,0.9112426035502958,0.9289940828402367,0.9260355029585798,0.9347181008902077,0.9194816898033524,0.01388423344920946,69,0.7789203084832905,0.7927927927927928,0.7999999999999999,0.8046272493573263,0.8056265984654731,0.7963895649611826,0.009842287069631285,66
29,0.3651914596557617,0.002153050924553882,0.07635660171508789,0.00162420864987768,gini,10,3,200,"{'criterion': 'gini', 'max_depth': 10, 'min_samples_split': 3, 'n_estimators': 200}",0.6893424036281179,0.7025171624713958,0.6981981981981982,0.7061503416856492,0.7083333333333334,0.7009052120367151,0.006727446504565169,46,0.8994082840236687,0.908284023668639,0.9171597633136095,0.9171597633136095,0.9584569732937686,0.9200778695542368,0.02026876328688725,68,0.7804878048780488,0.792258064516129,0.7928388746803069,0.797940797940798,0.8146279949558639,0.7956228377639221,0.011083472609904612,68
30,0.09274678230285645,0.002134434700930678,0.02278733253479004,0.00039970887229933425,gini,10,5,50,"{'criterion': 'gini', 'max_depth': 10, 'min_samples_split': 5, 'n_estimators': 50}",0.695067264573991,0.6970387243735763,0.697986577181208,0.6995515695067265,0.703125,0.698551933517791,0.0027068959665275736,101,0.9171597633136095,0.9053254437869822,0.9230769230769231,0.9230769230769231,0.9347181008902077,0.9206656119929467,0.009555032187325785,67,0.7908163265306123,0.7876447876447876,0.7949044585987262,0.7959183673469389,0.802547770700637,0.7943629530058748,0.005046387111866622,71
31,0.18349552154541016,0.005080547460258226,0.04057636260986328,0.0011990944632700794,gini,10,5,100,"{'criterion': 'gini', 'max_depth': 10, 'min_samples_split': 5, 'n_estimators': 100}",0.6909090909090909,0.6995515695067265,0.6973094170403588,0.7015590200445434,0.7041942604856513,0.6987023975339401,0.004509936436195396,97,0.8994082840236687,0.9230769230769231,0.9201183431952663,0.9319526627218935,0.9465875370919882,0.924219487889773,0.015448692778655786,65,0.7814910025706941,0.7959183673469389,0.7933673469387755,0.8005082592121983,0.8075949367088608,0.7957710865512875,0.0086235631854176,67
32,0.3591951847076416,0.003070491286966014,0.07735514640808105,0.0013558123492678578,gini,10,5,200,"{'criterion': 'gini', 'max_depth': 10, 'min_samples_split': 5, 'n_estimators': 200}",0.6930022573363431,0.7024608501118568,0.7033707865168539,0.7056179775280899,0.7052401746724891,0.7019370414761095,0.00461826625065966,25,0.908284023668639,0.9289940828402367,0.9260355029585798,0.9289940828402367,0.9584569732937686,0.9301412081657878,0.016111394095181857,63,0.7861715749039693,0.7999999999999999,0.7994891443167305,0.8020434227330779,0.8125786163522013,0.8000513643933039,0.008410578673755975,63
33,0.0937464714050293,0.005265407507638582,0.021387529373168946,0.001019243863860166,gini,10,7,50,"{'criterion': 'gini', 'max_depth': 10, 'min_samples_split': 7, 'n_estimators': 50}",0.6938775510204082,0.703125,0.698876404494382,0.7033707865168539,0.7044444444444444,0.7007373022466886,0.003921779206713446,51,0.9053254437869822,0.9319526627218935,0.9201183431952663,0.9260355029585798,0.9406528189910979,0.9248103943205486,0.011873889172887989,64,0.785622593068036,0.8015267175572519,0.794380587484036,0.7994891443167305,0.8055908513341804,0.7973185533698671,0.006873635080500461,64
34,0.18129653930664064,0.004838906697463115,0.040576505661010745,0.0013555453181385935,gini,10,7,100,"{'criterion': 'gini', 'max_depth': 10, 'min_samples_split': 7, 'n_estimators': 100}",0.6940133037694013,0.6993318485523385,0.7013274336283186,0.7019867549668874,0.7045951859956237,0.7002491057633701,0.003543560569181612,60,0.9260355029585798,0.9289940828402367,0.9378698224852071,0.9408284023668639,0.9554896142433235,0.9378361750661395,0.01036932319295517,54,0.7934093789607097,0.797966963151207,0.8025316455696203,0.8040455120101138,0.8110831234256927,0.8018034821218936,0.005945475741123453,58
35,0.36399164199829104,0.005875398462243512,0.07675666809082031,0.0018319245373375483,gini,10,7,200,"{'criterion': 'gini', 'max_depth': 10, 'min_samples_split': 7, 'n_estimators': 200}",0.6926503340757239,0.6993318485523385,0.7002237136465325,0.7123893805309734,0.7024070021881839,0.7014000388367001,0.006388747882469747,37,0.9201183431952663,0.9289940828402367,0.9260355029585798,0.9526627218934911,0.9525222551928784,0.9360597644497373,0.01379161401653504,56,0.7903430749682339,0.797966963151207,0.7974522292993631,0.8151898734177214,0.8085642317380353,0.8019005152120028,0.008830811783044701,55
36,0.10813827514648437,0.0014683544661782551,0.024985551834106445,0.0006321083296578334,gini,15,2,50,"{'criterion': 'gini', 'max_depth': 15, 'min_samples_split': 2, 'n_estimators': 50}",0.6977329974811083,0.7103274559193955,0.7039800995024875,0.7063492063492064,0.6987341772151898,0.703426730379674,0.00470969381894065,3,0.8195266272189349,0.834319526627219,0.8372781065088757,0.7899408284023669,0.8189910979228486,0.8200116599290123,0.01678665066250533,105,0.7537414965986393,0.7673469387755103,0.7648648648648648,0.7458100558659219,0.7540983606557377,0.7571736167501036,0.00791364673549048,105
37,0.21927423477172853,0.0049611907654810005,0.045573854446411134,0.0013554328733612253,gini,15,2,100,"{'criterion': 'gini', 'max_depth': 15, 'min_samples_split': 2, 'n_estimators': 100}",0.6909547738693468,0.7022332506203474,0.7022332506203474,0.6997389033942559,0.6997455470737913,0.6989808284619482,0.004165771054646902,90,0.8136094674556213,0.8372781065088757,0.8372781065088757,0.7928994082840237,0.8160237388724035,0.8194191715022042,0.016655407813574653,107,0.7472826086956521,0.7638326585695006,0.7638326585695006,0.7434119278779474,0.7534246575342465,0.7543572884319357,0.008371742887014706,106
38,0.42914247512817383,0.0065482644968393915,0.09114837646484375,0.002225591184526787,gini,15,2,200,"{'criterion': 'gini', 'max_depth': 15, 'min_samples_split': 2, 'n_estimators': 200}",0.6892230576441103,0.6984924623115578,0.6947890818858561,0.6989528795811518,0.7063291139240506,0.6975536853515099,0.00559991199869058,111,0.8136094674556213,0.8224852071005917,0.8284023668639053,0.7899408284023669,0.827893175074184,0.8164614753562622,0.014291150692673945,108,0.746268656716418,0.7554347826086956,0.7557354925775978,0.7416666666666667,0.7622950819672132,0.7522759874139213,0.007360413871414896,108
39,0.11033687591552735,0.0027259247756616922,0.024185895919799805,0.0007480734649687064,gini,15,3,50,"{'criterion': 'gini', 'max_depth': 15, 'min_samples_split': 3, 'n_estimators': 50}",0.6840796019900498,0.7087378640776699,0.7025,0.7036082474226805,0.6997455470737913,0.6997342474338984,0.008353860349979796,78,0.8136094674556213,0.863905325443787,0.8313609467455622,0.8076923076923077,0.8160237388724035,0.8265227046397697,0.02026353701137634,104,0.7432432432432432,0.7786666666666666,0.7615176151761518,0.7520661157024795,0.7534246575342465,0.7577854653820929,0.011944985366933161,104
40,0.21527681350708008,0.003438843176296196,0.04617366790771484,0.0013258493120213034,gini,15,3,100,"{'criterion': 'gini', 'max_depth': 15, 'min_samples_split': 3, 'n_estimators': 100}",0.6797066014669927,0.706601466992665,0.6928746928746928,0.7055837563451777,0.6947890818858561,0.6959115847175621,0.009809233411403238,120,0.8224852071005917,0.8550295857988166,0.834319526627219,0.8224852071005917,0.8308605341246291,0.8330369133425923,0.011941706869523725,100,0.7443105756358769,0.7737617135207496,0.7570469798657717,0.7595628415300546,0.7567567567567567,0.7582884076858291,0.009386072690056294,102
41,0.43031787872314453,0.005597620490021561,0.08735036849975586,0.0039273345960422375,gini,15,3,200,"{'criterion': 'gini', 'max_depth': 15, 'min_samples_split': 3, 'n_estimators': 200}",0.6780487804878049,0.7064676616915423,0.6958637469586375,0.7091836734693877,0.6928746928746928,0.6964892077899598,0.011085591204682197,117,0.8224852071005917,0.8402366863905325,0.8461538461538461,0.8224852071005917,0.8367952522255193,0.8336299291014112,0.009582233828158353,99,0.7433155080213903,0.7675675675675676,0.7636849132176237,0.7616438356164383,0.7580645161290324,0.7588555956795825,0.008357732947587192,101
42,0.1048675537109375,0.0042956617260226666,0.02578287124633789,0.002638353950660767,gini,15,5,50,"{'criterion': 'gini', 'max_depth': 15, 'min_samples_split': 5, 'n_estimators': 50}",0.689156626506024,0.7046004842615012,0.7036144578313253,0.7004950495049505,0.697841726618705,0.699142207445879,0.005533298410923459,86,0.8461538461538461,0.8609467455621301,0.863905325443787,0.8372781065088757,0.8635014836795252,0.8543533134074083,0.010744887322201068,86,0.7596281540504647,0.7749667110519308,0.7755644090305445,0.7628032345013476,0.7718832891246684,0.768967952373012,0.006531521132936955,86
43,0.2108001708984375,0.0034964706621513036,0.0435755729675293,0.0013554050165331317,gini,15,5,100,"{'criterion': 'gini', 'max_depth': 15, 'min_samples_split': 5, 'n_estimators': 100}",0.6847058823529412,0.6997578692493946,0.6966019417475728,0.715,0.6987951807228916,0.6989722481343993,0.009663107032793626,91,0.8609467455621301,0.8550295857988166,0.849112426035503,0.8461538461538461,0.8605341246290801,0.8543527860753974,0.00594685475120173,87,0.762778505897772,0.7696404793608522,0.7653333333333334,0.7750677506775068,0.7712765957446808,0.7688183150812292,0.004345699572258166,87
44,0.4114076614379883,0.003875866399184908,0.0849717140197754,0.0020965274296468935,gini,15,5,200,"{'criterion': 'gini', 'max_depth': 15, 'min_samples_split': 5, 'n_estimators': 200}",0.6858513189448441,0.6990521327014217,0.7002398081534772,0.7034313725490197,0.7,0.6977139798775694,0.006113496770373235,109,0.8461538461538461,0.8727810650887574,0.863905325443787,0.849112426035503,0.8724035608308606,0.8608664674462093,0.011304021509762696,83,0.7576158940397351,0.7763157894736841,0.7735099337748343,0.769436997319035,0.7767503302509908,0.7707232933041831,0.0070548261917531725,84
45,0.10174131393432617,0.0024801179902914933,0.02238783836364746,0.0004894149506676658,gini,15,7,50,"{'criterion': 'gini', 'max_depth': 15, 'min_samples_split': 7, 'n_estimators': 50}",0.6859122401847575,0.7009569377990431,0.6997635933806147,0.7054455445544554,0.7002341920374707,0.6984617676681341,0.006594079351236259,103,0.878698224852071,0.8668639053254438,0.8757396449704142,0.8431952662721893,0.887240356083086,0.8703404816230176,0.01505613435161087,78,0.7704280155642024,0.7751322751322751,0.7779237844940867,0.7681940700808625,0.7827225130890053,0.7748768829639601,0.005201609993474971,78
46,0.20148420333862305,0.0032601767468062644,0.04377527236938476,0.001937815138001138,gini,15,7,100,"{'criterion': 'gini', 'max_depth': 15, 'min_samples_split': 7, 'n_estimators': 100}",0.6899766899766899,0.6935866983372921,0.6990521327014217,0.7055961070559611,0.7,0.6976413489471703,0.005404958397061872,110,0.8757396449704142,0.863905325443787,0.8727810650887574,0.8579881656804734,0.8724035608308606,0.8685619616785718,0.006597375810282926,79,0.7718383311603652,0.7694334650856389,0.7763157894736841,0.7743658210947931,0.7767503302509908,0.7737395006927803,0.002765794403281337,79
47,0.4051678657531738,0.004125896225501945,0.081353759765625,0.0010194214675024506,gini,15,7,200,"{'criterion': 'gini', 'max_depth': 15, 'min_samples_split': 7, 'n_estimators': 200}",0.687793427230047,0.6959619952494062,0.7032710280373832,0.706601466992665,0.6951501154734411,0.6977566859218259,0.006602968572177868,108,0.8668639053254438,0.8668639053254438,0.8905325443786982,0.8550295857988166,0.8931750741839762,0.8744852639506192,0.014840826391968737,76,0.7670157068062827,0.772068511198946,0.7859007832898172,0.7737617135207496,0.7818181818181819,0.7761106159454818,0.006826800946303176,77
48,0.11413459777832032,0.003917166997479188,0.026784849166870118,0.0015989781456970814,gini,,2,50,"{'criterion': 'gini', 'max_depth': None, 'min_samples_split': 2, 'n_estimators': 50}",0.696236559139785,0.6979166666666666,0.7063492063492064,0.6994535519125683,0.6992084432717678,0.6998331441433079,0.0034532766884068193,73,0.7662721893491125,0.7928994082840237,0.7899408284023669,0.757396449704142,0.7863501483679525,0.7785685826410943,0.014106739126650798,120,0.7295774647887324,0.7423822714681441,0.7458100558659219,0.7272727272727273,0.7402234636871508,0.7370518833327446,0.007304327590494108,120
49,0.22866926193237305,0.004397765134802232,0.04857215881347656,0.0013561216805684615,gini,,2,100,"{'criterion': 'gini', 'max_depth': None, 'min_samples_split': 2, 'n_estimators': 100}",0.6941489361702128,0.7041884816753927,0.6981627296587927,0.7071823204419889,0.6989528795811518,0.70052772161401,0.004614889525361882,55,0.772189349112426,0.7958579881656804,0.7869822485207101,0.757396449704142,0.7922848664688428,0.7809374816843044,0.0142743766231944,119,0.73109243697479,0.7472222222222222,0.7399165507649513,0.7314285714285715,0.7426981919332407,0.7384698437959613,0.006334472738053364,119
50,0.4674530029296875,0.009042680019421191,0.09594540596008301,0.004144699671598393,gini,,2,200,"{'criterion': 'gini', 'max_depth': None, 'min_samples_split': 2, 'n_estimators': 200}",0.6963350785340314,0.7023498694516971,0.703125,0.7081081081081081,0.7002652519893899,0.7020373954234502,0.0038422662498729687,22,0.7869822485207101,0.7958579881656804,0.7988165680473372,0.7751479289940828,0.7833827893175074,0.7880394328258371,0.008560094661721857,116,0.7388888888888888,0.7461858529819696,0.7479224376731303,0.7401129943502824,0.7394957983193278,0.7425224477136906,0.003761903387864028,116
51,0.11193618774414063,0.0032844431606405765,0.025385332107543946,0.0007992030096908951,gini,,3,50,"{'criterion': 'gini', 'max_depth': None, 'min_samples_split': 3, 'n_estimators': 50}",0.6821705426356589,0.7076923076923077,0.701530612244898,0.7120418848167539,0.6955380577427821,0.699796444333557,0.010433569990195188,75,0.7810650887573964,0.8165680473372781,0.8136094674556213,0.8047337278106509,0.7863501483679525,0.8004711431485876,0.01432413992137598,112,0.7282758620689656,0.7582417582417583,0.7534246575342467,0.7555555555555554,0.7381615598885792,0.7467354289141463,0.011570028725044385,113
52,0.2226726531982422,0.005976595545166238,0.047972822189331056,0.003997731235461744,gini,,3,100,"{'criterion': 'gini', 'max_depth': None, 'min_samples_split': 3, 'n_estimators': 100}",0.6878172588832487,0.7064935064935065,0.7020725388601037,0.7085561497326203,0.7010309278350515,0.7011941439452167,0.007240581897351773,39,0.8017751479289941,0.8047337278106509,0.8017751479289941,0.7840236686390533,0.8071216617210683,0.7998828733778667,0.008180913194743195,113,0.7404371584699453,0.7524204702627939,0.7486187845303869,0.74438202247191,0.7503448275862068,0.7472393667591442,0.004309140185427518,112
53,0.4479438304901123,0.0039674392902941166,0.09015054702758789,0.0022273750749875246,gini,,3,200,"{'criterion': 'gini', 'max_depth': None, 'min_samples_split': 3, 'n_estimators': 200}",0.6828644501278772,0.7055837563451777,0.6966580976863753,0.7075718015665796,0.7002583979328165,0.6985866084794036,0.00875839143142288,99,0.7899408284023669,0.8224852071005917,0.8017751479289941,0.8017751479289941,0.8041543026706232,0.8040260737094356,0.010483425242460822,110,0.7325102880658435,0.7595628415300546,0.7455295735900964,0.7517337031900139,0.7486187845303868,0.747590612437141,0.008869964765576418,111
54,0.10753779411315918,0.002057323428711247,0.02498636245727539,0.0012644424864667405,gini,,5,50,"{'criterion': 'gini', 'max_depth': None, 'min_samples_split': 5, 'n_estimators': 50}",0.6880952380952381,0.6992665036674817,0.7054455445544554,0.712082262210797,0.6882793017456359,0.6986380593953633,0.009443524803399057,98,0.8550295857988166,0.8461538461538461,0.8431952662721893,0.8195266272189349,0.8189910979228486,0.8365865705833314,0.014668327968094206,95,0.762532981530343,0.7657295850066933,0.7681940700808625,0.7620357634112792,0.7479674796747967,0.7612974956161329,0.007024260991751683,97
55,0.2136777877807617,0.0044425873745670775,0.0455742359161377,0.0004893373313416774,gini,,5,100,"{'criterion': 'gini', 'max_depth': None, 'min_samples_split': 5, 'n_estimators': 100}",0.6861313868613139,0.7082294264339152,0.7061728395061728,0.701530612244898,0.6970443349753694,0.6998228705366573,0.007863812090931642,74,0.834319526627219,0.8402366863905325,0.8461538461538461,0.8136094674556213,0.8397626112759644,0.8348143786230164,0.011247882732819329,97,0.753004005340454,0.7686062246278755,0.7698519515477793,0.7534246575342467,0.7617765814266488,0.7613325002108394,0.007178989122493083,96
56,0.42755904197692873,0.003659271714138668,0.08954582214355469,0.002414528949104454,gini,,5,200,"{'criterion': 'gini', 'max_depth': None, 'min_samples_split': 5, 'n_estimators': 200}",0.6911764705882353,0.7041564792176039,0.6962962962962963,0.7113924050632912,0.7002457002457002,0.7006536392010475,0.006879799521734353,53,0.834319526627219,0.8520710059171598,0.834319526627219,0.8313609467455622,0.8456973293768546,0.8395511220454152,0.007954801199802738,94,0.7560321715817694,0.7710843373493976,0.7590847913862719,0.7667121418826739,0.7661290322580644,0.7638075336085507,0.005469722301738675,92
57,0.10793848037719726,0.0026064863189601164,0.023785924911499022,0.0011651736872658849,gini,,7,50,"{'criterion': 'gini', 'max_depth': None, 'min_samples_split': 7, 'n_estimators': 50}",0.6858513189448441,0.6947115384615384,0.6992840095465394,0.707196029776675,0.6956521739130435,0.6965393815022709,0.006921813783192721,116,0.8461538461538461,0.8550295857988166,0.8668639053254438,0.8431952662721893,0.8545994065281899,0.8531678092217814,0.008269018630320424,88,0.7576158940397351,0.7665782493368701,0.7741083223249671,0.7692307692307692,0.7669773635153129,0.7669020885197605,0.00536201492243589,89
58,0.20728154182434083,0.0030049759646362476,0.04497394561767578,0.0014133356569579012,gini,,7,100,"{'criterion': 'gini', 'max_depth': None, 'min_samples_split': 7, 'n_estimators': 100}",0.6897374701670644,0.7050359712230215,0.6976190476190476,0.7064676616915423,0.7,0.6997719357035735,0.005966470502017001,77,0.8550295857988166,0.8698224852071006,0.8668639053254438,0.8402366863905325,0.8724035608308606,0.8608664674462093,0.011907636867972592,83,0.7635402906208718,0.7788079470198676,0.7730870712401056,0.7675675675675676,0.7767503302509908,0.7719486530677551,0.0056800624036920525,83
59,0.42215890884399415,0.007195746919338163,0.08535118103027343,0.002243718830562474,gini,,7,200,"{'criterion': 'gini', 'max_depth': None, 'min_samples_split': 7, 'n_estimators': 200}",0.6824644549763034,0.6968973747016707,0.6992840095465394,0.7107231920199502,0.6939759036144578,0.6966701025821229,0.009094930971713858,114,0.8520710059171598,0.863905325443787,0.8668639053254438,0.8431952662721893,0.8545994065281899,0.856127614695767,0.00850814773371001,85,0.7578947368421053,0.7714663143989433,0.7741083223249671,0.7713125845737484,0.7659574468085106,0.7681487883774683,0.005771277134939994,88
60,0.07775568962097168,0.0015990138273853777,0.019188976287841795,0.0009793550547260862,entropy,5,2,50,"{'criterion': 'entropy', 'max_depth': 5, 'min_samples_split': 2, 'n_estimators': 50}",0.7044025157232704,0.6983122362869199,0.6991701244813278,0.6995798319327731,0.6991701244813278,0.7001273629531618,0.00217770240022928,65,0.9940828402366864,0.9792899408284024,0.9970414201183432,0.985207100591716,1.0,0.9911205835780433,0.007714514546160195,3,0.8245398773006134,0.8152709359605911,0.8219512195121951,0.8181818181818181,0.8229548229548229,0.8205787509012406,0.003380830445840814,2
61,0.1491142749786377,0.002636746504128989,0.03378086090087891,0.001937898608372427,entropy,5,2,100,"{'criterion': 'entropy', 'max_depth': 5, 'min_samples_split': 2, 'n_estimators': 100}",0.70020964360587,0.6991525423728814,0.7014613778705637,0.7006237006237006,0.6991701244813278,0.7001238727176746,0.0008830576563275162,67,0.9881656804733728,0.9763313609467456,0.9940828402366864,0.9970414201183432,1.0,0.9911205835780433,0.008367910121270366,3,0.8196319018404908,0.8148148148148149,0.8225214198286415,0.822954822954823,0.8229548229548229,0.8205745708670881,0.0031366694280808315,3
62,0.3030261039733887,0.004661798394501242,0.061564970016479495,0.0007996798183619356,entropy,5,2,200,"{'criterion': 'entropy', 'max_depth': 5, 'min_samples_split': 2, 'n_estimators': 200}",0.7020833333333333,0.6976744186046512,0.6993736951983298,0.6985446985446986,0.6985446985446986,0.6992444586008592,0.0015181583423345719,85,0.9970414201183432,0.9763313609467456,0.9911242603550295,0.9940828402366864,0.9970326409495549,0.9911200562460322,0.007714345812418969,7,0.823960880195599,0.813810110974106,0.8200734394124847,0.8205128205128205,0.821515892420538,0.8199739902342955,0.00336407187720616,11
63,0.07795500755310059,0.001788086063862819,0.017589664459228514,0.001200191791801482,entropy,5,3,50,"{'criterion': 'entropy', 'max_depth': 5, 'min_samples_split': 3, 'n_estimators': 50}",0.6993736951983298,0.6985138004246284,0.7025316455696202,0.7,0.6985446985446986,0.699793284960464,0.0014774807006130615,76,0.9911242603550295,0.9733727810650887,0.985207100591716,0.9940828402366864,0.9970326409495549,0.9881602507720467,0.008366050575020321,22,0.8200734394124847,0.8133498145859085,0.8201970443349754,0.8215158924205379,0.821515892420538,0.819329511301092,0.0030539401699838935,20
64,0.15171332359313966,0.003707270995025169,0.03258118629455566,0.001019168952825608,entropy,5,3,100,"{'criterion': 'entropy', 'max_depth': 5, 'min_samples_split': 3, 'n_estimators': 100}",0.70020964360587,0.6991525423728814,0.7016806722689075,0.7,0.6985446985446986,0.6999180800464639,0.0010648115836047007,70,0.9881656804733728,0.9763313609467456,0.9881656804733728,0.9940828402366864,0.9970326409495549,0.9887522118668438,0.007098014270641755,18,0.8196319018404908,0.8148148148148149,0.8206388206388207,0.8215158924205379,0.821515892420538,0.8196226804883523,0.0025028883346751357,17
65,0.29782881736755373,0.005929820333763891,0.06356406211853027,0.0022437102806705327,entropy,5,3,200,"{'criterion': 'entropy', 'max_depth': 5, 'min_samples_split': 3, 'n_estimators': 200}",0.7014613778705637,0.6983122362869199,0.7014613778705637,0.6979166666666666,0.6985446985446986,0.6995396834499138,0.001582387964874968,81,0.9940828402366864,0.9792899408284024,0.9940828402366864,0.9911242603550295,0.9970326409495549,0.9911200562460322,0.006204414644759214,7,0.8225214198286415,0.8152709359605911,0.8225214198286415,0.8190709046454767,0.821515892420538,0.8201795611905128,0.0027600790192731342,8
66,0.07655620574951172,0.0016237567090757784,0.018989133834838866,5.519789172549356e-07,entropy,5,5,50,"{'criterion': 'entropy', 'max_depth': 5, 'min_samples_split': 5, 'n_estimators': 50}",0.6993736951983298,0.6991525423728814,0.6991701244813278,0.6993736951983298,0.6985446985446986,0.6991231907003788,0.0003042108548093411,87,0.9911242603550295,0.9763313609467456,0.9970414201183432,0.9911242603550295,0.9970326409495549,0.9905280951512351,0.00757656728684654,11,0.8200734394124847,0.8148148148148149,0.8219512195121951,0.8200734394124847,0.821515892420538,0.8196850029822308,0.0025500947219260946,16
67,0.15371227264404297,0.002225741083646366,0.03318109512329102,0.001165459875831721,entropy,5,5,100,"{'criterion': 'entropy', 'max_depth': 5, 'min_samples_split': 5, 'n_estimators': 100}",0.697286012526096,0.6985138004246284,0.7,0.6985446985446986,0.6991701244813278,0.6987027336587777,0.0008911021838154895,96,0.9881656804733728,0.9733727810650887,0.9940828402366864,0.9940828402366864,1.0,0.989936661388449,0.00908968951599818,15,0.817625458996328,0.8133498145859085,0.8215158924205379,0.8205128205128205,0.8229548229548229,0.8191902030452598,0.00340246082806564,22
68,0.303226900100708,0.005000582592057154,0.06336379051208496,0.002798761703030611,entropy,5,5,200,"{'criterion': 'entropy', 'max_depth': 5, 'min_samples_split': 5, 'n_estimators': 200}",0.7037815126050421,0.6983122362869199,0.70020964360587,0.7014613778705637,0.6985446985446986,0.7004626879811433,0.002018908536167501,56,0.9911242603550295,0.9792899408284024,0.9881656804733728,0.9940828402366864,0.9970326409495549,0.9899361340564381,0.006089592322744637,16,0.8230958230958231,0.8152709359605911,0.8196319018404908,0.8225214198286415,0.821515892420538,0.8204067353509272,0.0028257423715295892,4
69,0.07675666809082031,0.0036532064446961688,0.018189191818237305,0.00039970892918415093,entropy,5,7,50,"{'criterion': 'entropy', 'max_depth': 5, 'min_samples_split': 7, 'n_estimators': 50}",0.7006237006237006,0.7006369426751592,0.6991701244813278,0.70020964360587,0.6985446985446986,0.6998375573314045,0.0008379057006913664,72,0.9970414201183432,0.9763313609467456,0.9970414201183432,0.9881656804733728,0.9970326409495549,0.9911200562460324,0.0081557702307475,5,0.822954822954823,0.8158220024721878,0.8219512195121951,0.8196319018404908,0.821515892420538,0.8203746952946533,0.0025192862610221964,5
70,0.15151329040527345,0.0007989764298047058,0.03278117179870606,0.0013259068277602982,entropy,5,7,100,"{'criterion': 'entropy', 'max_depth': 5, 'min_samples_split': 7, 'n_estimators': 100}",0.6993736951983298,0.6985138004246284,0.6991701244813278,0.6997929606625258,0.6985446985446986,0.6990792772199316,0.0004918794262682897,89,0.9911242603550295,0.9733727810650887,0.9970414201183432,1.0,0.9970326409495549,0.9917120173408295,0.009614656012763925,1,0.8200734394124847,0.8133498145859085,0.8219512195121951,0.8233861144945188,0.821515892420538,0.8200546910327946,0.003515884077966154,10
71,0.2998286247253418,0.0020969883195341484,0.06156468391418457,0.0017425088724795255,entropy,5,7,200,"{'criterion': 'entropy', 'max_depth': 5, 'min_samples_split': 7, 'n_estimators': 200}",0.7,0.6983122362869199,0.6979166666666666,0.6991701244813278,0.6985446985446986,0.6987888462922984,0.0007294802547313683,94,0.9940828402366864,0.9792899408284024,0.9911242603550295,0.9970414201183432,0.9970326409495549,0.9917120173408294,0.006588126671645693,2,0.8215158924205379,0.8152709359605911,0.8190709046454767,0.8219512195121951,0.821515892420538,0.8198642850964954,0.0025118372853479556,12
72,0.08814935684204102,0.0015986503070047075,0.01898932456970215,0.0010949740523095192,entropy,7,2,50,"{'criterion': 'entropy', 'max_depth': 7, 'min_samples_split': 2, 'n_estimators': 50}",0.7017167381974249,0.702819956616052,0.6952789699570815,0.7033898305084746,0.7010526315789474,0.700851542104733,0.0029043934441008857,47,0.9674556213017751,0.9585798816568047,0.9585798816568047,0.9822485207100592,0.9881305637982196,0.9709917970268976,0.012171816322937647,38,0.8134328358208955,0.8110137672090112,0.8059701492537313,0.8197530864197531,0.8201970443349754,0.8140708398770489,0.005388406980813628,40
73,0.17210144996643068,0.0020381975336766544,0.03498010635375977,0.0008939359107094093,entropy,7,2,100,"{'criterion': 'entropy', 'max_depth': 7, 'min_samples_split': 2, 'n_estimators': 100}",0.7002141327623126,0.7047413793103449,0.7041036717062635,0.698744769874477,0.7010526315789474,0.7017716147620728,0.0022966200376120342,28,0.9674556213017751,0.9674556213017751,0.9644970414201184,0.9881656804733728,0.9881305637982196,0.9751355246904776,0.010674094087978014,31,0.812422360248447,0.8154613466334165,0.8139825218476904,0.8186274509803922,0.8201970443349754,0.8161364634090149,0.002883269675794925,31
74,0.34180450439453125,0.006257817641219405,0.0655627727508545,0.0010192437300117132,entropy,7,2,200,"{'criterion': 'entropy', 'max_depth': 7, 'min_samples_split': 2, 'n_estimators': 200}",0.6997840172786177,0.6980728051391863,0.7017167381974249,0.7,0.6981132075471698,0.6995379435852905,0.0013562671987100627,82,0.9585798816568047,0.9644970414201184,0.9674556213017751,0.9733727810650887,0.9881305637982196,0.9703998359321006,0.01005980567311997,40,0.8089887640449437,0.8099378881987578,0.8134328358208955,0.8143564356435643,0.8181818181818181,0.8129773933366521,0.003295736282702364,44
75,0.08635082244873046,0.0018531756250834768,0.019388675689697266,0.0007994182138983017,entropy,7,3,50,"{'criterion': 'entropy', 'max_depth': 7, 'min_samples_split': 3, 'n_estimators': 50}",0.70042194092827,0.7056277056277056,0.7029914529914529,0.701271186440678,0.70276008492569,0.7026144138634789,0.0017810686162493166,12,0.9822485207100592,0.9644970414201184,0.9733727810650887,0.9792899408284024,0.9821958456973294,0.9763183922160501,0.006737720875991007,29,0.8177339901477833,0.8150000000000001,0.8163771712158808,0.8172839506172839,0.8193069306930693,0.8171395110525507,0.0014300457031805407,24
76,0.17190108299255372,0.003896894139751695,0.03478055000305176,0.0007478951096758828,entropy,7,3,100,"{'criterion': 'entropy', 'max_depth': 7, 'min_samples_split': 3, 'n_estimators': 100}",0.7021276595744681,0.7032258064516129,0.7008547008547008,0.70276008492569,0.7010526315789474,0.7020045708548379,0.0009279725046304295,23,0.9763313609467456,0.9674556213017751,0.9704142011834319,0.9792899408284024,0.9881305637982196,0.9763194468800718,0.0072330530426215735,27,0.8168316831683168,0.8144458281444583,0.8138957816377171,0.8182941903584672,0.8201970443349754,0.816731470508569,0.002354325392759238,27
77,0.3630521297454834,0.01798382950049741,0.06836075782775879,0.0033205947609180803,entropy,7,3,200,"{'criterion': 'entropy', 'max_depth': 7, 'min_samples_split': 3, 'n_estimators': 200}",0.7014925373134329,0.6982758620689655,0.6993603411513859,0.6976744186046512,0.6995798319327731,0.699276472599611,0.001310050748417711,84,0.9733727810650887,0.9585798816568047,0.9704142011834319,0.9763313609467456,0.9881305637982196,0.9733596414060862,0.009527482051956995,34,0.8153655514250311,0.8079800498753117,0.8128872366790582,0.813810110974106,0.8191881918819188,0.8138440152575099,0.003637202762977956,41
78,0.09314441680908203,0.008701243648703564,0.021987533569335936,0.004333712880809401,entropy,7,5,50,"{'criterion': 'entropy', 'max_depth': 7, 'min_samples_split': 5, 'n_estimators': 50}",0.7010752688172043,0.7004310344827587,0.7034632034632035,0.7,0.7,0.7009943130764744,0.0012959941248469177,44,0.9644970414201184,0.9615384615384616,0.9615384615384616,0.9733727810650887,0.9762611275964391,0.9674379211300715,0.006184586775617131,45,0.8119551681195518,0.8104738154613467,0.8125,0.8143564356435643,0.8153655514250311,0.8129291852826348,0.0017394624926662732,45
79,0.17823033332824706,0.0044169841010981,0.036178970336914064,0.0020388334735466137,entropy,7,5,100,"{'criterion': 'entropy', 'max_depth': 7, 'min_samples_split': 5, 'n_estimators': 100}",0.702355460385439,0.7049891540130152,0.70276008492569,0.7014925373134329,0.6995798319327731,0.7022365137893729,0.0017588948325915172,20,0.9704142011834319,0.9615384615384616,0.9792899408284024,0.9733727810650887,0.9881305637982196,0.9745435635956805,0.00888223902247181,32,0.8149068322981367,0.8135168961201502,0.8182941903584672,0.8153655514250311,0.8191881918819188,0.8162531170648496,0.0021381971250934374,30
80,0.34621443748474123,0.0046178189940019815,0.07061667442321777,0.011246858068314713,entropy,7,5,200,"{'criterion': 'entropy', 'max_depth': 7, 'min_samples_split': 5, 'n_estimators': 200}",0.7002141327623126,0.7025862068965517,0.6997885835095138,0.7025316455696202,0.6981132075471698,0.7006478047796971,0.0017116974093162722,54,0.9674556213017751,0.9644970414201184,0.9792899408284024,0.985207100591716,0.9881305637982196,0.9769114079748689,0.009421220282379716,26,0.812422360248447,0.8129675810473815,0.8162762022194822,0.8201970443349754,0.8181818181818181,0.8160081011165388,0.002981781160163741,32
81,0.08738603591918945,0.0018146165305525847,0.018788957595825197,0.0007483666633922452,entropy,7,7,50,"{'criterion': 'entropy', 'max_depth': 7, 'min_samples_split': 7, 'n_estimators': 50}",0.6987179487179487,0.7025862068965517,0.7036247334754797,0.6995798319327731,0.7025316455696202,0.7014076078784369,0.0019051578669935666,36,0.9674556213017751,0.9644970414201184,0.9763313609467456,0.985207100591716,0.9881305637982196,0.9763194468800718,0.00934581938800353,27,0.8114143920595532,0.8129675810473815,0.8178438661710037,0.8181818181818181,0.8212083847102343,0.8163211847487138,0.0036046070930428648,29
82,0.17660236358642578,0.0071195679792647815,0.03378028869628906,0.0011647811604823324,entropy,7,7,100,"{'criterion': 'entropy', 'max_depth': 7, 'min_samples_split': 7, 'n_estimators': 100}",0.7002141327623126,0.7012987012987013,0.7044967880085653,0.7014925373134329,0.6995798319327731,0.7014171590611399,0.001692679217631921,35,0.9674556213017751,0.9585798816568047,0.9733727810650887,0.9733727810650887,0.9881305637982196,0.9721757192164919,0.00963549989378943,35,0.812422360248447,0.8099999999999999,0.817391304347826,0.8153655514250311,0.8191881918819188,0.8148716942110086,0.0033148543803173595,37
83,0.34360466003417967,0.0036528753442797214,0.06656250953674317,0.0010171591974130578,entropy,7,7,200,"{'criterion': 'entropy', 'max_depth': 7, 'min_samples_split': 7, 'n_estimators': 200}",0.7019027484143763,0.7019438444924406,0.7033898305084746,0.7,0.6981132075471698,0.7010711510138035,0.0018283885453166705,41,0.9822485207100592,0.9615384615384616,0.9822485207100592,0.9733727810650887,0.9881305637982196,0.977503369069666,0.009272048260118994,25,0.8187422934648582,0.8114856429463172,0.8197530864197531,0.8143564356435643,0.8181818181818181,0.8165031602348037,0.003104566234927128,28
84,0.10573906898498535,0.0036534283248221664,0.02318682670593262,0.00146881518054013,entropy,10,2,50,"{'criterion': 'entropy', 'max_depth': 10, 'min_samples_split': 2, 'n_estimators': 50}",0.6952595936794582,0.7002237136465325,0.7022727272727273,0.7073170731707317,0.710239651416122,0.7030595787221271,0.005275066084735883,5,0.9112426035502958,0.9260355029585798,0.9142011834319527,0.9437869822485208,0.9673590504451038,0.9325106345410089,0.020830000431040586,60,0.7887323943661971,0.7974522292993631,0.794344473007712,0.8086185044359949,0.8190954773869347,0.8016413883331724,0.010866234417433293,59
85,0.24426040649414063,0.035060458037397456,0.04337530136108399,0.002725826906271192,entropy,10,2,100,"{'criterion': 'entropy', 'max_depth': 10, 'min_samples_split': 2, 'n_estimators': 100}",0.6914414414414415,0.7017937219730942,0.7008928571428571,0.7095343680709535,0.7096069868995634,0.7026509947775812,0.006711777621432507,11,0.908284023668639,0.9260355029585798,0.9289940828402367,0.9467455621301775,0.9643916913946587,0.9348779515881863,0.019135838248860195,58,0.7851662404092071,0.7984693877551021,0.7989821882951653,0.8111533586818759,0.8176100628930818,0.802269895570728,0.011240987118425026,54
86,0.45255265235900877,0.04146062725635943,0.09074792861938477,0.016930506191098618,entropy,10,2,200,"{'criterion': 'entropy', 'max_depth': 10, 'min_samples_split': 2, 'n_estimators': 200}",0.6941964285714286,0.7056179775280899,0.7017937219730942,0.7046979865771812,0.7086092715231788,0.7029807465824451,0.0049018694602163265,6,0.9201183431952663,0.9289940828402367,0.9260355029585798,0.9319526627218935,0.9525222551928784,0.9319160367861575,0.011011753503463935,62,0.791348600508906,0.8020434227330779,0.7984693877551021,0.802547770700637,0.8126582278481012,0.8014088237708306,0.006898317203036025,60
87,0.10545754432678223,0.0028925722899619975,0.02263507843017578,0.0007689339844601423,entropy,10,3,50,"{'criterion': 'entropy', 'max_depth': 10, 'min_samples_split': 3, 'n_estimators': 50}",0.697986577181208,0.7022222222222222,0.6993318485523385,0.7110091743119266,0.7015250544662309,0.7024153439966944,0.004557348142599462,14,0.9230769230769231,0.9349112426035503,0.9289940828402367,0.9171597633136095,0.9554896142433235,0.9319165641181683,0.013178081545501454,61,0.7949044585987262,0.8020304568527918,0.797966963151207,0.8010335917312662,0.8090452261306532,0.8009928049570392,0.004734040647916793,62
88,0.21049418449401855,0.007121138877106159,0.04122791290283203,0.0018037238928755763,entropy,10,3,100,"{'criterion': 'entropy', 'max_depth': 10, 'min_samples_split': 3, 'n_estimators': 100}",0.6948775055679287,0.6997792494481236,0.7022222222222222,0.7114093959731543,0.7098901098901099,0.7036331057283154,0.0062148698737634865,2,0.9230769230769231,0.9378698224852071,0.9349112426035503,0.9408284023668639,0.9584569732937686,0.9390206245877445,0.011427518787113318,53,0.792884371029225,0.8015170670037927,0.8020304568527918,0.8101910828025477,0.8156565656565656,0.8044512687945076,0.007831144896383513,51
89,0.4452125072479248,0.029483061183247894,0.08896198272705078,0.01125279179119787,entropy,10,3,200,"{'criterion': 'entropy', 'max_depth': 10, 'min_samples_split': 3, 'n_estimators': 200}",0.6919642857142857,0.6997792494481236,0.7022222222222222,0.7066666666666667,0.7039473684210527,0.7009147027322802,0.005008470230936804,45,0.9171597633136095,0.9378698224852071,0.9349112426035503,0.9408284023668639,0.9525222551928784,0.9366517255445345,0.011432559670227778,55,0.7888040712468194,0.8015170670037927,0.8020304568527918,0.8071065989847716,0.8095838587641866,0.8018051895894476,0.0071799293972779725,57
90,0.10620861053466797,0.0030772212780666645,0.021986722946166992,0.000894149674968739,entropy,10,5,50,"{'criterion': 'entropy', 'max_depth': 10, 'min_samples_split': 5, 'n_estimators': 50}",0.6904231625835189,0.7008928571428571,0.7032967032967034,0.7066666666666667,0.7066666666666667,0.7015871079343333,0.0059943837826173345,31,0.9171597633136095,0.9289940828402367,0.9467455621301775,0.9408284023668639,0.9436201780415431,0.9354662213589073,0.010950699785455027,57,0.7878017789072427,0.7989821882951653,0.8070617906683479,0.8071065989847716,0.8081321473951716,0.8018142847579505,0.0077443258902674264,56
91,0.23917083740234374,0.01762080726514805,0.045224237442016604,0.003541711917991864,entropy,10,5,100,"{'criterion': 'entropy', 'max_depth': 10, 'min_samples_split': 5, 'n_estimators': 100}",0.6933333333333334,0.7044444444444444,0.6984478935698448,0.7015590200445434,0.7064017660044151,0.7008349863945916,0.004615070871281525,48,0.9230769230769231,0.9378698224852071,0.9319526627218935,0.9319526627218935,0.9495548961424333,0.9348753149281321,0.008723008781630705,59,0.7918781725888324,0.8045685279187818,0.7984790874524715,0.8005082592121983,0.8101265822784811,0.801108391649727,0.006093917524077851,61
92,0.46534204483032227,0.02125217778062752,0.08295226097106934,0.006095415553806274,entropy,10,5,200,"{'criterion': 'entropy', 'max_depth': 10, 'min_samples_split': 5, 'n_estimators': 200}",0.695364238410596,0.6991150442477876,0.7,0.700218818380744,0.7074235807860262,0.7004214369265797,0.003910517868215508,57,0.9319526627218935,0.9349112426035503,0.9319526627218935,0.9467455621301775,0.9614243323442137,0.9413889962989439,0.011398205656648317,51,0.7964601769911505,0.8,0.799492385786802,0.8050314465408803,0.8150943396226416,0.8032107490468555,0.006542725268028462,52
93,0.11173591613769532,0.0026366922675371326,0.022587394714355467,0.0004895705843256397,entropy,10,7,50,"{'criterion': 'entropy', 'max_depth': 10, 'min_samples_split': 7, 'n_estimators': 50}",0.6933333333333334,0.698237885462555,0.6993318485523385,0.7030567685589519,0.7074235807860262,0.7002737227348932,0.004733014259596764,58,0.9230769230769231,0.9378698224852071,0.9289940828402367,0.9526627218934911,0.9614243323442137,0.9407970352041468,0.01433670233484742,52,0.7918781725888324,0.8005050505050505,0.797966963151207,0.8090452261306532,0.8150943396226416,0.8028928980429151,0.008220082853370433,53
94,0.21287837028503417,0.013243581657074965,0.041376161575317386,0.0022438292405164866,entropy,10,7,100,"{'criterion': 'entropy', 'max_depth': 10, 'min_samples_split': 7, 'n_estimators': 100}",0.6960352422907489,0.7026431718061674,0.7013274336283186,0.7079646017699115,0.7058823529411765,0.702769271426596,0.0041021812550226435,10,0.9349112426035503,0.9437869822485208,0.9378698224852071,0.9467455621301775,0.9614243323442137,0.9449407628677265,0.009235801096073594,50,0.797979797979798,0.8055555555555556,0.8025316455696203,0.810126582278481,0.814070351758794,0.8060494653504339,0.005632557541811664,49
95,0.4405475616455078,0.01804961748241636,0.07815566062927246,0.005032913790193454,entropy,10,7,200,"{'criterion': 'entropy', 'max_depth': 10, 'min_samples_split': 7, 'n_estimators': 200}",0.6975717439293598,0.6995614035087719,0.7066666666666667,0.7008733624454149,0.7067833698030634,0.7022894484336494,0.0037695421481403783,19,0.9349112426035503,0.9437869822485208,0.9408284023668639,0.9497041420118343,0.9584569732937686,0.945532196630513,0.008027685384806225,49,0.7989886219974716,0.8035264483627204,0.8071065989847716,0.806532663316583,0.8136020151133501,0.8059481002320471,0.004785208482971606,50
96,0.12912602424621583,0.006205963977014837,0.024385833740234376,0.001355910725256526,entropy,15,2,50,"{'criterion': 'entropy', 'max_depth': 15, 'min_samples_split': 2, 'n_estimators': 50}",0.6900726392251816,0.706766917293233,0.6928746928746928,0.7131782945736435,0.7025,0.7010779199403234,0.008594928336109394,40,0.8431952662721893,0.834319526627219,0.834319526627219,0.8165680473372781,0.8338278931750742,0.8324454795798062,0.008680299338982277,101,0.7589880159786951,0.7652645861601086,0.7570469798657717,0.7613793103448275,0.762550881953867,0.761045331444294,0.0028429469775190425,98
97,0.25885186195373533,0.0032236491938079787,0.046173810958862305,0.0014693538224031123,entropy,15,2,100,"{'criterion': 'entropy', 'max_depth': 15, 'min_samples_split': 2, 'n_estimators': 100}",0.6919315403422983,0.7042606516290727,0.6968215158924206,0.7164556962025317,0.6982543640897756,0.7015461166757688,0.008430736045735287,32,0.8372781065088757,0.8313609467455622,0.8431952662721893,0.8372781065088757,0.8308605341246291,0.8359967188165779,0.004537880269019185,96,0.7576974564926372,0.762550881953867,0.7630522088353413,0.7721691678035472,0.7588075880758808,0.7628571374642996,0.0050967978879855715,93
98,0.5585647583007812,0.05525854198268084,0.09514760971069336,0.0057037248800787775,entropy,15,2,200,"{'criterion': 'entropy', 'max_depth': 15, 'min_samples_split': 2, 'n_estimators': 200}",0.687960687960688,0.7037037037037037,0.6940298507462687,0.7098445595854922,0.6953316953316954,0.6981752769320708,0.007700000196987688,105,0.8284023668639053,0.8431952662721893,0.8254437869822485,0.8106508875739645,0.8397626112759644,0.8294867287698423,0.011540233987973178,103,0.7516778523489933,0.7671601615074024,0.754054054054054,0.7569060773480663,0.760752688172043,0.7581090720210389,0.005444424328326077,103
99,0.13352351188659667,0.005235388254770048,0.02438654899597168,0.0007997036762111272,entropy,15,3,50,"{'criterion': 'entropy', 'max_depth': 15, 'min_samples_split': 3, 'n_estimators': 50}",0.6833333333333333,0.6919315403422983,0.7016706443914081,0.7058823529411765,0.6995073891625616,0.6964637917453701,0.007976802547280663,118,0.849112426035503,0.8372781065088757,0.8698224852071006,0.8165680473372781,0.8427299703264095,0.8431023612821869,0.01725591227847349,92,0.7572559366754616,0.7576974564926372,0.7767503302509908,0.757201646090535,0.7644683714670256,0.7626740051865183,0.00755701615631367,94
100,0.24715914726257324,0.0021146151044126563,0.04677281379699707,0.0014698209558496756,entropy,15,3,100,"{'criterion': 'entropy', 'max_depth': 15, 'min_samples_split': 3, 'n_estimators': 100}",0.6843373493975904,0.7,0.6987951807228916,0.7073791348600509,0.6926829268292682,0.696640557132272,0.007724871373185366,115,0.8402366863905325,0.849112426035503,0.8579881656804734,0.8224852071005917,0.8427299703264095,0.8425104001873898,0.011744443683653773,93,0.7543160690571048,0.767379679144385,0.7702523240371847,0.7606019151846785,0.7603748326639893,0.7625858795648394,0.005639596111635482,95
101,0.5562515735626221,0.034108934762154076,0.09634475708007813,0.014043606329472259,entropy,15,3,200,"{'criterion': 'entropy', 'max_depth': 15, 'min_samples_split': 3, 'n_estimators': 200}",0.6858513189448441,0.7038834951456311,0.6949152542372882,0.7073791348600509,0.6992665036674817,0.6982587240710192,0.007497630801001618,104,0.8461538461538461,0.8579881656804734,0.849112426035503,0.8224852071005917,0.8486646884272997,0.8448792992306,0.011895158919419278,90,0.7576158940397351,0.7733333333333334,0.7643142476697735,0.7606019151846785,0.7667560321715817,0.7645233599778769,0.005399723038964619,90
102,0.1248814582824707,0.004535532287190899,0.024274110794067383,0.002361129885164699,entropy,15,5,50,"{'criterion': 'entropy', 'max_depth': 15, 'min_samples_split': 5, 'n_estimators': 50}",0.6870588235294117,0.6950354609929078,0.7030878859857482,0.7047146401985112,0.7107843137254902,0.7001318139134068,0.008246188796167068,64,0.863905325443787,0.8698224852071006,0.8757396449704142,0.8402366863905325,0.8605341246290801,0.8620482803077599,0.012080364547254141,82,0.765399737876802,0.7726675427069645,0.7799736495388668,0.766531713900135,0.7785234899328859,0.7726167809489015,0.005968761690728493,81
103,0.24591236114501952,0.00813803778053049,0.04577374458312988,0.003708057631989285,entropy,15,5,100,"{'criterion': 'entropy', 'max_depth': 15, 'min_samples_split': 5, 'n_estimators': 100}",0.6870588235294117,0.6955503512880562,0.7014218009478673,0.7068965517241379,0.6959619952494062,0.6973784910884959,0.006616228581859006,112,0.863905325443787,0.878698224852071,0.8757396449704142,0.849112426035503,0.8694362017804155,0.8673775121569668,0.010471004563726754,80,0.765399737876802,0.7764705882352941,0.7789473684210526,0.771505376344086,0.7730870712401056,0.7730820263344802,0.004635352879454825,80
104,0.5355649471282959,0.03390840859694996,0.09554576873779297,0.004960139911969161,entropy,15,5,200,"{'criterion': 'entropy', 'max_depth': 15, 'min_samples_split': 5, 'n_estimators': 200}",0.6854460093896714,0.6990521327014217,0.6990740740740741,0.7107843137254902,0.6997635933806147,0.698823635437715,0.008039267816900796,93,0.863905325443787,0.8727810650887574,0.893491124260355,0.8579881656804734,0.8783382789317508,0.8732987051009707,0.01229884412741407,77,0.7643979057591622,0.7763157894736841,0.7844155844155845,0.7774798927613942,0.7789473684210526,0.7763102161776689,0.0065726390672156,76
105,0.1396122932434082,0.009779029882875394,0.024984121322631836,0.0008961799258852569,entropy,15,7,50,"{'criterion': 'entropy', 'max_depth': 15, 'min_samples_split': 7, 'n_estimators': 50}",0.6948356807511737,0.7032710280373832,0.6939252336448598,0.7125603864734299,0.6993166287015945,0.7007823984656898,0.00677550764155674,49,0.8757396449704142,0.8905325443786982,0.878698224852071,0.8727810650887574,0.9109792284866469,0.8857356887438299,0.01397569494118903,73,0.774869109947644,0.7859007832898172,0.7754569190600523,0.7845744680851063,0.7912371134020618,0.7824040211618057,0.006323291257367565,73
106,0.2588359832763672,0.004054918862581468,0.04797177314758301,0.002096147589102837,entropy,15,7,100,"{'criterion': 'entropy', 'max_depth': 15, 'min_samples_split': 7, 'n_estimators': 100}",0.6851851851851852,0.6951501154734411,0.7,0.7031630170316302,0.7002341920374707,0.6967450571692024,0.006327576041756904,113,0.8757396449704142,0.8905325443786982,0.8905325443786982,0.8550295857988166,0.887240356083086,0.8798118591397717,0.013535566640492842,75,0.768831168831169,0.7808041504539558,0.7838541666666667,0.7716955941255007,0.7827225130890053,0.7775793889752414,0.006122040124284053,75
107,0.5172640323638916,0.007057495382181508,0.08958587646484376,0.0029932289150298324,entropy,15,7,200,"{'criterion': 'entropy', 'max_depth': 15, 'min_samples_split': 7, 'n_estimators': 200}",0.6890951276102089,0.6962616822429907,0.704225352112676,0.7038834951456311,0.7004608294930875,0.6987846032313694,0.005634201905150743,95,0.878698224852071,0.8816568047337278,0.8875739644970414,0.8579881656804734,0.9020771513353115,0.8815903790842173,0.01428634441623353,74,0.7724317295188556,0.7780678851174934,0.7853403141361256,0.7733333333333334,0.788586251621271,0.7795481602645227,0.006428241527373844,74
108,0.15911378860473632,0.014639140506576642,0.02838435173034668,0.0016238096295240162,entropy,,2,50,"{'criterion': 'entropy', 'max_depth': None, 'min_samples_split': 2, 'n_estimators': 50}",0.696236559139785,0.7146596858638743,0.7018469656992085,0.7049180327868853,0.704,0.7043323863320425,0.005981641275042187,1,0.7662721893491125,0.8076923076923077,0.7869822485207101,0.7633136094674556,0.7833827893175074,0.781527860783069,0.016017414902559684,118,0.7295774647887324,0.7583333333333333,0.7419804741980475,0.7329545454545455,0.7415730337078651,0.7408834847689938,0.009970707985688054,118
109,0.3190193176269531,0.019557289637442608,0.05197086334228516,0.003844765330452561,entropy,,2,100,"{'criterion': 'entropy', 'max_depth': None, 'min_samples_split': 2, 'n_estimators': 100}",0.694300518134715,0.703125,0.7043010752688172,0.7054054054054054,0.707774798927614,0.7029793738640542,0.004603664568623579,7,0.7928994082840237,0.7988165680473372,0.7751479289940828,0.772189349112426,0.7833827893175074,0.7844876662570545,0.010158602380165678,117,0.7403314917127072,0.7479224376731303,0.7380281690140844,0.7372881355932203,0.7436619718309858,0.7414455233807882,0.003926526774181475,117
110,0.6646191120147705,0.07523631923562049,0.11593408584594726,0.016040856082198008,entropy,,2,200,"{'criterion': 'entropy', 'max_depth': None, 'min_samples_split': 2, 'n_estimators': 200}",0.6912928759894459,0.7069408740359897,0.7033248081841432,0.7092391304347826,0.6981627296587927,0.7017935871212779,0.006446427224973167,27,0.7751479289940828,0.8136094674556213,0.8136094674556213,0.772189349112426,0.7893175074183977,0.7927761762482359,0.01797348632732421,114,0.7308228730822873,0.7565337001375516,0.7544581618655692,0.7393767705382436,0.7409470752089136,0.7444291580227507,0.00969590535591818,114
111,0.14873552322387695,0.016641125999005833,0.02761831283569336,0.002066815745399461,entropy,,3,50,"{'criterion': 'entropy', 'max_depth': None, 'min_samples_split': 3, 'n_estimators': 50}",0.6858638743455497,0.7,0.7057291666666666,0.7054054054054054,0.7038961038961039,0.7001773702144298,0.007442814779532073,62,0.7751479289940828,0.8076923076923077,0.8017751479289941,0.772189349112426,0.8041543026706232,0.7921868518134932,0.015270794071679094,115,0.7277777777777776,0.75,0.7506925207756233,0.7372881355932203,0.7506925207756233,0.7432871245677998,0.009288005767744146,115
112,0.2914604187011719,0.009513962325103896,0.05137166976928711,0.006339526086025392,entropy,,3,100,"{'criterion': 'entropy', 'max_depth': None, 'min_samples_split': 3, 'n_estimators': 100}",0.6871794871794872,0.7135549872122762,0.6958762886597938,0.7158176943699732,0.6994818652849741,0.7023832659494434,0.010839103328668083,15,0.7928994082840237,0.8254437869822485,0.7988165680473372,0.7899408284023669,0.8011869436201781,0.8016577019982363,0.012556992688418598,111,0.7362637362637363,0.765432098765432,0.743801652892562,0.7510548523206751,0.7468879668049792,0.7486888070990396,0.009670910974960282,110
113,0.5956590652465821,0.06328559928502045,0.10474047660827637,0.009942158943883542,entropy,,3,200,"{'criterion': 'entropy', 'max_depth': None, 'min_samples_split': 3, 'n_estimators': 200}",0.6897435897435897,0.7063291139240506,0.6966580976863753,0.7082228116710876,0.7072538860103627,0.701639174874946,0.007255681705162461,29,0.7958579881656804,0.8254437869822485,0.8017751479289941,0.7899408284023669,0.8100890207715133,0.8046190894682546,0.01236235325158196,109,0.7390109890109889,0.7612551159618008,0.7455295735900964,0.7468531468531469,0.7551867219917012,0.7495647815559006,0.0077890783651184065,109
114,0.1459165096282959,0.020354957662034604,0.029982376098632812,0.001413200793487701,entropy,,5,50,"{'criterion': 'entropy', 'max_depth': None, 'min_samples_split': 5, 'n_estimators': 50}",0.6823821339950372,0.7007481296758105,0.698019801980198,0.711340206185567,0.6895674300254453,0.6964143755465404,0.009879561993879085,119,0.8136094674556213,0.8313609467455622,0.834319526627219,0.8165680473372781,0.8041543026706232,0.8200090232689577,0.011292183419103324,106,0.7422402159244265,0.7604871447902573,0.7601078167115903,0.7603305785123967,0.7424657534246575,0.7531307180070684,0.008796637277604945,107
115,0.2646803855895996,0.007049594248576544,0.04737324714660644,0.0016237391730995008,entropy,,5,100,"{'criterion': 'entropy', 'max_depth': None, 'min_samples_split': 5, 'n_estimators': 100}",0.6919315403422983,0.6982543640897756,0.6928746928746928,0.7117346938775511,0.6977886977886978,0.6985170994101814,0.0070797375263247095,102,0.8372781065088757,0.8284023668639053,0.834319526627219,0.8254437869822485,0.8427299703264095,0.8336309837654331,0.006178080461974203,98,0.7576974564926372,0.7577807848443844,0.7570469798657717,0.7643835616438356,0.7634408602150538,0.7600685322032219,0.003161480335876595,99
116,0.5640775680541992,0.031040956025095903,0.09414606094360352,0.0019380117757354025,entropy,,5,200,"{'criterion': 'entropy', 'max_depth': None, 'min_samples_split': 5, 'n_estimators': 200}",0.6904176904176904,0.7022332506203474,0.7014925373134329,0.7076923076923077,0.6990049751243781,0.7001686340799897,0.005641260756838587,63,0.8313609467455622,0.8372781065088757,0.834319526627219,0.8165680473372781,0.8338278931750742,0.8306695962954148,0.007299185449260545,102,0.7543624161073825,0.7638326585695006,0.7621621621621621,0.7582417582417583,0.7604871447902571,0.7598169504610323,0.003296356546354804,100
117,0.14571657180786132,0.010335880125862435,0.02878403663635254,0.005341080863130076,entropy,,7,50,"{'criterion': 'entropy', 'max_depth': None, 'min_samples_split': 7, 'n_estimators': 50}",0.6833333333333333,0.6990291262135923,0.708029197080292,0.7070707070707071,0.693069306930693,0.6981084207152825,0.00920229000224709,106,0.849112426035503,0.8520710059171598,0.8609467455621301,0.8284023668639053,0.8308605341246291,0.8442841741437376,0.012601346425816463,91,0.7572559366754616,0.7680000000000001,0.7770360480640854,0.7629427792915532,0.7557354925775979,0.7641975552814514,0.007754079570750219,91
118,0.28963422775268555,0.02100611853062912,0.04925246238708496,0.0035635322405845994,entropy,,7,100,"{'criterion': 'entropy', 'max_depth': None, 'min_samples_split': 7, 'n_estimators': 100}",0.6875,0.7081339712918661,0.6958637469586375,0.7192982456140351,0.6941747572815534,0.700996969161674,0.011323456598157563,43,0.8461538461538461,0.8757396449704142,0.8461538461538461,0.849112426035503,0.8486646884272997,0.8531667545577597,0.011356305517725426,89,0.7586206896551724,0.783068783068783,0.7636849132176237,0.7788331071913163,0.7636849132176236,0.7695809226818902,0.009563422426006817,85
119,0.5378753662109375,0.0303917806649572,0.10160369873046875,0.009194123167070967,entropy,,7,200,"{'criterion': 'entropy', 'max_depth': None, 'min_samples_split': 7, 'n_estimators': 200}",0.6845794392523364,0.7,0.7028985507246377,0.7142857142857143,0.6976190476190476,0.699877485547332,0.009550371112091015,71,0.8668639053254438,0.8698224852071006,0.8609467455621301,0.8431952662721893,0.8694362017804155,0.8620498623037927,0.009949385289413491,81,0.7650130548302873,0.7757255936675461,0.7739361702127661,0.7734056987788331,0.774108322324967,0.7724370759353895,0.0037929676980166037,82
